time,open,high,low,close,volume,sma_20,sma_50,sma_200,rsi_14,macd,macd_signal,macd_hist,bb_upper,bb_lower,daily_return,volatility_20d,symbol
2025-02-10,26.431,27.374,26.184,27.374,53800,27.374,27.374,27.374,,0.0,0.0,0.0,,,,,VPD
2025-02-11,27.175,27.175,27.126,27.126,300,27.25,27.25,27.25,,-0.019783475783476945,-0.003956695156695389,-0.015826780626781556,,,-0.9059691678234727,,VPD
2025-02-12,26.779,26.779,26.382,26.729,2900,27.076333333333334,27.076333333333334,27.076333333333334,,-0.06672741292684492,-0.016510838710725298,-0.05021657421611962,,,-1.4635405146354086,,VPD
2025-02-13,26.58,27.522,26.58,27.473,13300,27.1755,27.1755,27.1755,,-0.0433959971511122,-0.02188787039880268,-0.02150812675230952,,,2.783493583747987,,VPD
2025-02-14,26.779,27.374,26.134,27.324,4500,27.2052,27.2052,27.2052,,-0.03650789650458819,-0.024811875619959782,-0.011696020884628407,,,-0.5423506715684367,,VPD
2025-02-17,27.324,27.324,27.126,27.126,8900,27.191999999999997,27.191999999999997,27.191999999999997,,-0.04649006384415344,-0.029147513264798516,-0.017342550579354923,,,-0.7246376811594235,,VPD
2025-02-18,27.126,27.126,26.779,26.977,2700,27.161285714285714,27.161285714285714,27.161285714285714,,-0.06566708880997751,-0.03645142837383432,-0.029215660436143195,,,-0.5492885054928842,,VPD
2025-02-19,27.076,27.076,26.679,26.977,9500,27.13825,27.13825,27.13825,,-0.07994348057738776,-0.04514983881454501,-0.03479364176284275,,,0.0,,VPD
2025-02-20,26.977,26.977,26.283,26.927,9500,27.11477777777778,27.11477777777778,27.11477777777778,,-0.09420625497547164,-0.05496112204673034,-0.039245132928741294,,,-0.1853430700226144,,VPD
2025-02-21,26.927,26.927,26.58,26.927,500,27.095999999999997,27.095999999999997,27.095999999999997,,-0.10430721776627294,-0.06483034119063887,-0.039476876575634076,,,0.0,,VPD
2025-02-24,26.779,26.878,26.283,26.878,13500,27.07618181818182,27.07618181818182,27.07618181818182,,-0.11494122316914002,-0.0748525175863391,-0.04008870558280092,,,-0.1819734838637732,,VPD
2025-02-25,26.828,26.828,25.588,25.588,94600,26.952166666666667,26.952166666666667,26.952166666666667,,-0.22486882030051092,-0.10485577812917346,-0.12001304217133746,,,-4.799464245851626,,VPD
2025-02-26,26.382,26.382,26.134,26.283,16700,26.900692307692307,26.900692307692307,26.900692307692307,,-0.2529902275082776,-0.1344826680049943,-0.11850755950328329,,,2.716116929810841,,VPD
2025-02-27,26.382,26.382,26.084,26.134,19100,26.845928571428573,26.845928571428573,26.845928571428573,34.6336143152391,-0.2840256294230947,-0.1643912602886144,-0.11963436913448033,,,-0.5669063653312101,,VPD
2025-02-28,26.184,26.283,26.184,26.283,44800,26.8084,26.8084,26.8084,38.075184126804366,-0.29321831605809123,-0.19015667144250975,-0.10306164461558148,,,0.5701385168745743,,VPD
2025-03-03,26.233,26.233,26.184,26.184,12200,26.769375,26.769375,26.769375,36.6928373114738,-0.3049764800478094,-0.2131206331635697,-0.09185584688423973,,,-0.37666932998515756,,VPD
2025-03-04,26.134,26.679,26.035,26.679,71300,26.764058823529414,26.764058823529414,26.764058823529414,47.04511117387845,-0.27122602186257083,-0.22474171090336995,-0.046484310959200886,,,1.890467461044909,,VPD
2025-03-05,26.58,26.679,26.184,26.184,25500,26.731833333333334,26.731833333333334,26.731833333333334,40.00083129091714,-0.281179639844364,-0.23602929669156877,-0.04515034315279523,,,-1.8553918812549086,,VPD
2025-03-06,26.283,26.283,26.184,26.184,4800,26.703000000000003,26.703000000000003,26.703000000000003,40.00083129091714,-0.2857737321110747,-0.24597818377546996,-0.03979554833560475,,,0.0,,VPD
2025-03-07,26.184,26.283,26.084,26.134,62900,26.67455,26.67455,26.67455,39.31126925657421,-0.2901050154298801,-0.25480355010635203,-0.03530146532352807,27.71119062188753,25.63790937811247,-0.190956309196455,,VPD
2025-03-10,26.184,26.382,26.084,26.184,24700,26.615049999999997,26.651190476190475,26.651190476190475,40.41740499155251,-0.28620382697105384,-0.26108360547929244,-0.025120221491761408,27.618734470234276,25.611365529765717,0.19132164995792067,1.6109930690460628,VPD
2025-03-11,26.084,26.084,25.836,26.035,26500,26.5605,26.62318181818182,26.62318181818182,38.183925885177146,-0.2917717980990844,-0.2672212440032508,-0.024550554095833566,27.565847910453204,25.555152089546798,-0.5690498014054413,1.6050780902143076,VPD
2025-03-12,26.035,26.382,26.035,26.035,15900,26.525800000000004,26.597608695652173,26.597608695652173,38.183925885177146,-0.292809133904818,-0.27233882198356424,-0.02047031192125376,27.554300922395512,25.497299077604495,0.0,1.5772101102781855,VPD
2025-03-13,26.035,26.382,25.936,26.184,5600,26.46135,26.580375,26.580375,41.90703994049548,-0.27839896527506625,-0.2735508506418647,-0.004848114633201561,27.397319022204424,25.525380977795574,0.5723065104666913,1.4340023294728372,VPD
2025-03-14,26.184,26.184,25.886,25.886,15100,26.38945,26.5526,26.5526,37.09494358596401,-0.28770838910902086,-0.27638235833529595,-0.011326030773724904,27.265403729852263,25.513496270147737,-1.1380996028108825,1.4469591879916897,VPD
2025-03-17,25.886,26.233,25.836,26.233,11200,26.344800000000003,26.540307692307692,26.540307692307692,45.01278735695874,-0.2640424574791105,-0.2739143781640589,0.00987192068494841,27.150927742260553,25.538672257739453,1.3404929305416147,1.4852263209474852,VPD
2025-03-18,26.184,26.233,26.084,26.233,3600,26.3076,26.52892592592593,26.52892592592593,45.012787356958746,-0.24249174229921877,-0.2676298509910909,0.025138108691872108,27.057602778942208,25.557597221057794,0.0,1.4826593651872693,VPD
2025-03-19,26.233,26.679,26.035,26.084,24600,26.26295,26.513035714285714,26.513035714285714,42.357693741051015,-0.23472988006654916,-0.26104985680618253,0.026319976739633377,26.94873390796302,25.57716609203698,-0.5679868867457083,1.4854923715495938,VPD
2025-03-20,26.084,26.283,26.084,26.283,2400,26.23075,26.505103448275865,26.505103448275865,46.865564860382,-0.21009902070971265,-0.25085968958688853,0.04076066887717589,26.841638179965067,25.619861820034934,0.7629197975770552,1.4996244427457375,VPD
2025-03-21,26.233,26.233,26.233,26.233,12700,26.196050000000003,26.496033333333333,26.496033333333333,45.89440330601221,-0.1923956520317347,-0.2391668820758578,0.04677123004412309,26.71186003235073,25.680239967649275,-0.19023703534604142,1.499492411991607,VPD
2025-03-24,26.184,26.233,26.184,26.233,7900,26.1638,26.487548387096776,26.487548387096776,45.894403306012215,-0.1763329483435001,-0.22660009532938627,0.05026714698588616,26.568845338592805,25.758754661407192,0.0,1.4996464152054094,VPD
2025-03-25,25.886,26.233,24.845,26.134,8100,26.1911,26.4765,26.4765,43.8097082167206,-0.1696361525952419,-0.21520730678255742,0.04557115418731553,26.49327798867899,25.888922011321007,-0.3773872603209716,1.0217990863215332,VPD
2025-03-26,26.283,26.283,25.886,26.134,600,26.18365,26.466121212121212,26.466121212121212,43.8097082167206,-0.16245619977144443,-0.20465708538033484,0.042200885608890404,26.48362703420863,25.88367296579137,0.0,0.8173060158256518,VPD
2025-03-27,26.134,26.134,25.886,25.886,2900,26.171249999999997,26.449058823529413,26.449058823529413,38.70224937545097,-0.1747630036870298,-0.19867826904167385,0.023915265354644055,26.499078501378023,25.84342149862197,-0.948955383791239,0.8349073019826807,VPD
2025-03-28,25.985,26.283,25.985,26.283,6600,26.171249999999997,26.444314285714288,26.444314285714288,48.96032555117414,-0.15074396967574444,-0.18909140916848796,0.038347439492743524,26.499078501378023,25.84342149862197,1.5336475314842168,0.897669637756631,VPD
2025-03-31,26.233,26.233,26.134,26.134,1500,26.16875,26.435694444444447,26.435694444444447,45.858471215142096,-0.14209379807515532,-0.17969188694982144,0.03759808887466612,26.496931512677254,25.840568487322745,-0.5669063653312101,0.9029061898514118,VPD
2025-04-01,26.134,26.134,25.886,25.936,11900,26.131600000000002,26.42218918918919,26.42218918918919,42.046331431234435,-0.14949216735588777,-0.1736519430310347,0.024159775675146933,26.373437178805503,25.889762821194502,-0.7576337338333183,0.7983183823528938,VPD
2025-04-02,25.886,26.134,25.787,25.787,33600,26.11175,26.405473684210527,26.405473684210527,39.39252738692767,-0.16547103596779067,-0.1720157616183859,0.006544725650595218,26.39679025569802,25.826709744301983,-0.5744910549043802,0.6984280158597252,VPD
2025-04-03,25.588,25.588,24.597,24.597,50100,26.032400000000003,26.359102564102567,26.359102564102567,25.532182050868613,-0.271033157689736,-0.19181924083265595,-0.07921391685708007,26.764986880064114,25.29981311993589,-4.614728351494934,1.2315098958157893,VPD
2025-04-04,24.597,25.787,24.299,25.787,13200,26.015050000000002,26.3448,26.3448,45.995458521730036,-0.25572105182870075,-0.20459960303186492,-0.05112144879683583,26.75391469810462,25.276185301895385,4.837988372565749,1.6856419113790968,VPD
2025-04-08,25.539,25.539,24.002,24.002,35000,25.90595,26.28765853658537,26.28765853658537,31.85507659859057,-0.38320335006488193,-0.24032035243846833,-0.1428829976264136,27.064796518151365,24.747103481848637,-6.922092527242407,2.277767307622872,VPD
2025-04-09,22.861,24.795,22.861,24.299,15000,25.81915,26.240309523809525,26.240309523809525,35.412981503176056,-0.45502334611812856,-0.2832609511744004,-0.17176239494372814,27.179787973428933,24.458512026571068,1.2373968835930338,2.3067194406097724,VPD
2025-04-10,24.398,25.688,24.398,25.539,39100,25.79435,26.224,26.224,47.69234826591053,-0.4071897436399823,-0.3080467096675168,-0.09914303397246549,27.15650282781182,24.432197172188182,5.103090662167187,2.6065725148916963,VPD
2025-04-11,25.539,25.539,24.795,25.291,15200,25.7497,26.202795454545456,26.202795454545456,45.81621110973897,-0.3848564112865631,-0.32340864999132607,-0.06144776129523705,27.116609553085258,24.382790446914743,-0.9710638631113211,2.609601740304635,VPD
2025-04-14,25.291,25.39,24.845,24.894,17600,25.700100000000003,26.17371111111111,26.17371111111111,42.90642091474032,-0.39464247384400863,-0.33765541476186256,-0.056987059082146074,27.11725354440548,24.282946455594526,-1.5697283618678615,2.6200482373869693,VPD
2025-04-15,24.845,24.845,24.448,24.497,7200,25.6133,26.137260869565218,26.137260869565218,40.15968156769543,-0.4294817824135855,-0.3560206882922072,-0.0734610941213783,27.103783651634398,24.1228163483656,-1.5947617899895516,2.6136410601234323,VPD
2025-04-16,24.497,24.795,24.299,24.795,2600,25.541400000000003,26.108702127659573,26.108702127659573,43.10401648739637,-0.4281110779320443,-0.37043876622017463,-0.05767231171186965,27.044695803787185,24.03810419621282,1.2164754867943106,2.635276766824942,VPD
2025-04-17,24.795,25.142,24.25,25.142,5800,25.494300000000003,26.0885625,26.0885625,46.410532638417386,-0.3944774937606752,-0.3752465117282747,-0.01923098203240048,26.984990705326666,24.00360929467334,1.3994757007461,2.659324256539489,VPD
2025-04-18,25.043,25.241,24.795,24.894,4500,25.42485,26.064183673469387,26.064183673469387,44.4234837946802,-0.3834144008200191,-0.3768800895466236,-0.006534311273395488,26.89003190356223,23.959668096437767,-0.9863972635430818,2.6564892063138212,VPD
2025-04-21,24.944,24.944,24.845,24.894,18800,25.357899999999997,26.040779999999998,26.040779999999998,44.4234837946802,-0.370377340529533,-0.3755795397432055,0.0052021992136725426,26.789582837561568,23.926217162438427,0.0,2.6570071795247587,VPD
2025-04-22,24.894,24.894,24.25,24.299,29400,25.2612,25.97928,26.006627450980393,39.69460555034552,-0.40340668257511325,-0.3811449683095871,-0.022261714265526145,26.70521495837125,23.817185041628747,-2.3901341688760347,2.699631534249049,VPD
2025-04-23,24.398,24.497,24.398,24.497,63000,25.17935,25.9267,25.977596153846154,41.91063267842682,-0.4088922732652378,-0.3866944293007173,-0.022197843964520514,26.600456651799714,23.758243348200285,0.8148483476686286,2.712066940874661,VPD
2025-04-24,24.497,24.894,24.497,24.795,14600,25.1124,25.88802,25.955283018867927,45.17595276806586,-0.3847582799510576,-0.3863071994307854,0.001548919479727795,26.468831603412706,23.755968396587296,1.2164754867943106,2.732423380293764,VPD
2025-04-25,24.497,24.894,24.497,24.795,18300,25.05785,25.83446,25.933796296296297,45.17595276806586,-0.3614651708878007,-0.3813387937221885,0.01987362283438776,26.37032685092364,23.745373149076357,0.0,2.7274593816371895,VPD
2025-04-28,24.795,24.795,24.398,24.398,70000,24.963600000000003,25.775940000000002,25.90587272727273,41.56592782599224,-0.37076583847769484,-0.37922420267328977,0.008458364195594925,26.17225970135689,23.754940298643117,-1.6011292599314442,2.713872072488802,VPD
2025-04-29,24.398,24.795,23.902,24.795,75600,24.89665,25.729319999999998,25.886035714285715,46.196141047131405,-0.3421579189144772,-0.37181094592152725,0.029653027007050026,25.973489483713387,23.819810516286616,1.6271825559472264,2.748183372181087,VPD
2025-05-05,24.745,24.795,24.299,24.497,4400,24.8247,25.679720000000003,25.861666666666668,43.415228269483386,-0.33961715094996947,-0.36537218692721574,0.025755035977246266,25.796291878798534,23.853108121201466,-1.201855212744507,2.754490186384982,VPD
2025-05-06,24.497,24.497,24.349,24.497,13200,24.7602,25.63012,25.838137931034485,43.415228269483386,-0.3337562398558376,-0.35904899751294017,0.025292757657102594,25.628606550437063,23.89179344956294,0.0,2.7539090469586767,VPD
2025-05-07,24.398,24.497,24.349,24.497,8200,24.755200000000002,25.58152,25.815406779661014,43.415228269483386,-0.3253608680315949,-0.35231137161667114,0.026950503585076224,25.628699579730505,23.8817004202695,0.0,2.5522516518350282,VPD
2025-05-08,24.398,24.497,24.299,24.349,12400,24.6833,25.529960000000003,25.79096666666667,41.852433720825275,-0.3268817491603855,-0.34722544712541403,0.02034369796502855,25.426161069393824,23.940438930606174,-0.6041556108911328,2.286818440949298,VPD
2025-05-09,24.299,24.299,24.2,24.2,19800,24.693199999999997,25.476399999999998,25.764885245901638,40.28039668263006,-0.3362342144417987,-0.34502720058869096,0.008792986146892279,25.402343471490624,23.98405652850937,-0.6119347817158838,1.6721771422074898,VPD
2025-05-12,24.795,24.795,24.299,24.299,4600,24.693199999999997,25.450620000000004,25.741241935483874,41.8434517837756,-0.3318324796686447,-0.34238825640468173,0.010555776736037026,25.402343471490624,23.98405652850937,0.4090909090909145,1.6514590332556833,VPD
2025-05-13,24.497,24.597,24.299,24.497,26300,24.6411,25.4149,25.72149206349206,44.94696310418986,-0.30880738855385204,-0.3356720828345158,0.026864694280663737,25.231822982543548,24.050377017456455,0.8148483476686286,1.1614775019605925,VPD
2025-05-14,24.497,24.497,24.448,24.448,3000,24.59895,25.38118,25.70159375,44.31667737061304,-0.2911574466427851,-0.32676915559616965,0.03561170895338456,25.109247116754833,24.088652883245164,-0.20002449279503676,1.1473041947578042,VPD
2025-05-15,24.448,24.448,24.349,24.398,7100,24.57415,25.34348,25.681538461538462,43.64413199346524,-0.27799971498434317,-0.3170152674738044,0.0390155524894612,25.072133417605848,24.07616658239415,-0.20451570680628528,1.0987963596201855,VPD
2025-05-16,24.398,24.398,24.299,24.299,1800,24.564249999999998,25.30578,25.660590909090907,42.27609104138757,-0.2724202988418689,-0.30809627374741727,0.03567597490554836,25.07636342288072,24.052136577119274,-0.4057709648331853,1.0441795767124653,VPD
2025-05-19,24.299,24.299,24.101,24.2,4600,24.5345,25.2562,25.63879104477612,40.895597193821416,-0.2728418924756326,-0.30104539749306036,0.028203505017427744,25.059148654364222,24.00985134563578,-0.4074241738343143,1.0040796747436278,VPD
2025-05-20,24.2,24.398,24.101,24.25,5800,24.4899,25.21752,25.61836764705882,41.92701189436142,-0.2660742875735913,-0.29405117550916654,0.027976887935575234,24.944019807980084,24.035780192019914,0.20661157024792765,0.9428469477360497,VPD
2025-05-21,24.25,24.349,24.25,24.349,1400,24.46265,25.180819999999997,25.599971014492752,44.01040250467597,-0.24984241150989916,-0.28520942270931304,0.03536701119941388,24.878461837506336,24.046838162493664,0.4082474226804189,0.9312751340448674,VPD
2025-05-22,24.15,24.497,22.861,24.398,26000,24.43785,25.1461,25.582800000000002,45.06096792565982,-0.23036909081600498,-0.27424135633065144,0.04387226551464646,24.80119369693877,24.07450630306123,0.20124029734280846,0.9335705041518101,VPD
2025-05-23,24.398,24.398,24.002,24.051,2300,24.42545,25.10344,25.561225352112675,39.420036083942236,-0.24016783852517065,-0.2674266527695553,0.027258814244384644,24.823970144111975,24.026929855888028,-1.42224772522338,0.8274684933933383,VPD
2025-05-26,24.101,24.299,23.803,23.952,12200,24.398200000000003,25.06178,25.538875,37.95998914303976,-0.2530054005363347,-0.26454240232291115,0.011537001786576462,24.84742651653455,23.948973483465455,-0.41162529624546584,0.805305412205221,VPD
2025-05-27,24.051,24.299,24.051,24.101,600,24.363500000000002,25.0231,25.519178082191782,41.4734756673883,-0.24829402717714544,-0.261292727293758,0.012998700116612583,24.790328450686758,23.936671549313246,0.6220774883099356,0.7636935051446896,VPD
2025-05-28,24.3,24.5,24.1,24.45,9100,24.34625,24.988419999999998,25.50472972972973,48.789118889284964,-0.21393276283957974,-0.2518207344029224,0.03788797156334267,24.724808415154225,23.967691584845777,1.4480726940790944,0.8421826636830738,VPD
2025-05-29,24.45,24.5,24.4,24.5,4600,24.35135,24.960699999999996,25.491333333333333,49.75805575770698,-0.18058496014958436,-0.23757357955225483,0.05698861940267047,24.73555020822465,23.96714979177535,0.2044989775051187,0.7619952330322518,VPD
2025-05-30,24.5,24.5,24.5,24.5,1000,24.3366,24.926039999999997,25.47828947368421,49.75805575770698,-0.1523998160460316,-0.2205388268510102,0.06813901080497861,24.668124961352635,24.005075038647366,0.0,0.6620877358095906,VPD
2025-06-02,24.5,24.5,24.15,24.15,1600,24.31925,24.88438,25.461038961038962,43.132725372451,-0.1565009160669426,-0.20773124469419668,0.051230328627254074,24.65174859516897,23.98675140483103,-1.4285714285714346,0.6842764484244712,VPD
2025-06-03,24.5,24.75,24.25,24.6,21500,24.3244,24.854699999999998,25.45,51.984919885678934,-0.12203310649851318,-0.19059161705506,0.06855851055654683,24.671366644839882,23.97743335516012,1.8633540372670954,0.809560390204145,VPD
2025-06-04,24.5,24.5,24.45,24.45,800,24.322049999999997,24.81804,25.4373417721519,49.23376518578653,-0.10560353368565956,-0.17359400038117995,0.06799046669552039,24.664704329424783,23.97939567057521,-0.6097560975609873,0.8219028361956726,VPD
2025-06-05,24.45,24.55,24.3,24.55,6600,24.3321,24.784379999999995,25.42625,51.09204273996152,-0.08355069420338879,-0.15558533914562173,0.07203464494223294,24.689553508202373,23.97464649179763,0.4089979550102374,0.8143088540900266,VPD
2025-06-06,26.2,26.2,24.5,25.0,8500,24.3721,24.759719999999998,25.420987654320985,58.460752473111945,-0.02942324795142426,-0.13035292090678224,0.10092967295535799,24.83174787437877,23.91245212562123,1.8329938900203624,0.8905639959258846,VPD
2025-06-09,25.0,25.0,24.4,24.95,13800,24.40465,24.73604,25.415243902439027,57.42547047803224,0.009330999088732028,-0.1024161369076794,0.11174713599641142,24.930006330202733,23.879293669797267,-0.20000000000000018,0.8922446163003455,VPD
2025-06-10,24.8,24.85,24.5,24.85,5100,24.4223,24.71036,25.40843373493976,55.315596391036784,0.03161046900237352,-0.07561081572566881,0.10722128472804233,24.983234220742393,23.861365779257607,-0.4008016032064021,0.8849460787582047,VPD
2025-06-11,24.7,24.75,24.55,24.55,16900,24.4274,24.68364,25.398214285714282,49.44623147226272,0.024774036951779266,-0.055533845190179204,0.08030788214195847,24.99116568480912,23.86363431519088,-1.2072434607645954,0.9290002139785654,VPD
2025-06-12,24.55,24.6,24.55,24.6,2300,24.4375,24.64998,25.388823529411766,50.391025619532044,0.02312413677594094,-0.039802248796955174,0.06292638557289612,25.006263571266548,23.868736428733452,0.20366598778003286,0.9281780688706867,VPD
2025-06-13,24.55,24.6,24.55,24.6,4200,24.452550000000002,24.619300000000003,25.379651162790697,50.39102561953204,0.021567957016795702,-0.027528207634205003,0.04909616465100071,25.02181193212642,23.883288067873586,0.0,0.9222146578177518,VPD
2025-06-16,24.6,24.8,24.6,24.8,9300,24.482549999999996,24.59658,25.372988505747124,54.348918931866024,0.036057355131237756,-0.014811095081116452,0.050868450212354206,25.058967420022277,23.906132579977715,0.8130081300812941,0.9296151119536228,VPD
2025-06-17,24.8,25.05,24.8,25.05,33600,24.52255,24.581840000000003,25.369318181818183,58.776287079840316,0.0669415575840766,0.0015394354519221599,0.06540212213215445,25.140550332140847,23.90454966785915,1.0080645161290258,0.9502886117997756,VPD
2025-06-18,25.05,25.3,25.05,25.2,21300,24.565099999999997,24.593899999999998,25.367415730337076,61.20726441459888,0.10234152751055348,0.021699853863648425,0.08064167364690505,25.246700253273897,23.8834997467261,0.5988023952095745,0.953786710480938,VPD
2025-06-19,25.2,25.5,25.2,25.4,11900,24.6152,24.58616,25.36777777777778,64.23562679640636,0.14486467742433717,0.04633281857578618,0.098531858848551,25.386485352341616,23.843914647658387,0.7936507936507908,0.9637512292676088,VPD
2025-06-20,25.3,25.6,25.3,25.3,10400,24.677650000000003,24.61212,25.36703296703297,61.64439812246706,0.16855244812688497,0.07077674448600593,0.09777570364087904,25.45878474139256,23.896515258607447,-0.393700787401563,0.8974637289949586,VPD
2025-06-23,25.3,25.3,25.3,25.3,2800,24.74505,24.63214,25.366304347826084,61.64439812246706,0.18519041721717855,0.09365947903224045,0.0915309381849381,25.494535570943512,23.995564429056486,0.0,0.8859628508466977,VPD
2025-06-24,25.3,25.4,25.3,25.3,18700,24.805,24.62736,25.365591397849464,61.64439812246707,0.19611543098060125,0.11415066942191261,0.08196476155868863,25.528951146941413,24.081048853058586,0.0,0.8841600053768167,VPD
2025-06-25,25.3,25.3,25.3,25.3,3600,24.8475,24.62754,25.364893617021277,61.64439812246706,0.20243998101199523,0.13180853173992915,0.07063144927206608,25.58340259652949,24.111597403470512,0.0,0.8387305012503073,VPD
2025-06-26,25.3,25.3,25.25,25.3,2910,24.8875,24.635659999999998,25.364210526315787,61.64439812246707,0.20508810447235248,0.14646444628641384,0.05862365818593865,25.630803437365856,24.144196562634143,0.0,0.8395896692176685,VPD
2025-06-27,25.3,25.5,25.1,25.4,2200,24.932499999999997,24.65372,25.364583333333332,63.76187607594444,0.21280286667665038,0.15973213036446116,0.053070736312189226,25.685930749795055,24.17906925020494,0.39525691699604515,0.8401748062587246,VPD
2025-06-30,25.4,25.4,25.4,25.4,2304,24.995,24.665820000000004,25.36494845360825,63.761876075944436,0.216422092145244,0.17107012272061772,0.04535196942462627,25.67933602087979,24.31066397912021,0.0,0.751970551784634,VPD
2025-07-01,25.45,25.65,25.35,25.35,11300,25.0325,24.66998,25.364795918367346,61.78397170942556,0.21280271503778536,0.17941664118405126,0.0333860738537341,25.707836173596768,24.35716382640323,-0.19685039370077595,0.6549477631971811,VPD
2025-07-02,25.35,25.4,25.3,25.4,8100,25.080000000000002,24.680100000000003,25.365151515151517,63.01935952661019,0.211530522545754,0.18583941745639182,0.025691105089362176,25.715278637582227,24.444721362417777,0.19723865877709912,0.629907917961658,VPD
2025-07-03,25.4,25.95,25.35,25.9,3400,25.1475,24.700219999999998,25.370500000000003,72.56895215230539,0.2480092261768334,0.19827337920048013,0.049735846976353276,25.83073918906456,24.464260810935443,1.9685039370078705,0.7442456652979711,VPD
2025-07-04,25.35,25.35,25.2,25.2,400,25.1575,24.71824,25.36881188118812,52.23287883923203,0.21792263527608924,0.20220323041560195,0.015719404860487285,25.83749613001988,24.47750386998012,-2.7027027027026973,0.9146533670414861,VPD
2025-07-07,25.2,25.85,25.1,25.25,5100,25.1725,24.7333,25.36764705882353,53.240830451296695,0.19585567505156476,0.20093371934279453,-0.005078044291229766,25.846431903478553,24.498568096521446,0.1984126984126977,0.9134007973011886,VPD
2025-07-08,25.2,25.3,25.2,25.2,2400,25.189999999999998,24.7414,25.366019417475727,52.0578394557697,0.17234616860725893,0.19521620919568744,-0.02287004058842851,25.84662614533443,24.533373854665566,-0.1980198019801982,0.909087811789664,VPD
2025-07-09,25.2,25.2,25.0,25.0,4400,25.2125,24.745500000000003,25.362499999999997,47.510370816175126,0.13600856477075496,0.18337468031070095,-0.04736611553994599,25.804441497820534,24.620558502179463,-0.7936507936507908,0.8827329457140933,VPD
2025-07-10,25.2,25.4,25.0,25.4,2000,25.2525,24.765539999999998,25.36285714285714,55.82229225661756,0.13789780889006664,0.1742793060265741,-0.03638149713650746,25.77411187425934,24.730888125740663,1.6000000000000014,0.9448481553594769,VPD
2025-07-11,25.4,25.4,25.0,25.0,300,25.2725,24.76964,25.35943396226415,47.68956881112188,0.10589766899619235,0.16060297862049777,-0.05470530962430542,25.713163375521766,24.831836624478235,-1.5748031496062964,1.0217586701664592,VPD
2025-07-14,25.25,26.0,25.1,25.9,42100,25.3275,24.7977,25.364485981308412,61.33793314348947,0.1514143950736866,0.15876526191113555,-0.007350866837448955,25.793699640994163,24.86130035900584,3.600000000000003,1.2828628770919603,VPD
2025-07-15,25.85,25.9,25.65,25.7,42600,25.36,24.821759999999998,25.36759259259259,57.733067286954544,0.16939571157230304,0.16089135184336906,0.008504359728933986,25.835283848707313,24.884716151292686,-0.7722007722007707,1.287424892000059,VPD
2025-07-16,26.15,26.35,26.15,26.2,27800,25.410000000000004,24.855820000000005,25.375229357798165,63.50725840794256,0.22143924203051313,0.1730009298807979,0.048438312149715224,26.00877067044856,24.81122932955145,1.9455252918287869,1.3467566356864202,VPD
2025-07-17,26.6,26.6,25.8,25.85,28100,25.432499999999997,24.885839999999998,25.379545454545454,57.577636786424996,0.2317703357851748,0.1847548110616733,0.04701552472350151,26.062683766013777,24.802316233986218,-1.3358778625954137,1.3813659453487668,VPD
2025-07-18,25.85,25.85,25.6,25.65,10900,25.45,24.914840000000005,25.381981981981983,54.449102106095985,0.2212688242164873,0.1920576136926361,0.0292112105238512,26.08411770449802,24.81588229550198,-0.7736943907156735,1.3910476611396523,VPD
2025-07-21,25.65,25.7,25.6,25.65,7500,25.4675,24.94186,25.384375000000002,54.449102106095985,0.21051956217017675,0.19575000338814424,0.01476955878203251,26.10350314464627,24.83149685535373,0.0,1.3910476611396523,VPD
2025-07-22,26.0,26.0,25.6,25.65,25800,25.485,24.964920000000003,25.386725663716813,54.449102106095985,0.19969869233708692,0.1965397411779328,0.0031589511591541275,26.120858309274663,24.849141690725336,0.0,1.3910476611396523,VPD
2025-07-23,25.65,25.65,25.5,25.55,23200,25.4975,24.98696,25.388157894736842,52.66216247458586,0.1809678263158645,0.19342535820551915,-0.01245753188965465,26.127850779537162,24.867149220462835,-0.3898635477582735,1.3949223585743853,VPD
2025-07-24,25.55,26.0,25.55,25.55,16100,25.509999999999998,25.01,25.389565217391304,52.66216247458587,0.16423033497369843,0.187586353559155,-0.02335601858545658,26.133740836869688,24.88625916313031,0.0,1.3949223585743853,VPD
2025-07-25,25.55,25.9,25.55,25.75,23800,25.5275,25.03902,25.392672413793104,56.010774528525104,0.16519976101645995,0.183109035050616,-0.017909274034156042,26.157850779537167,24.897149220462833,0.7827788649706457,1.4025189926047288,VPD
2025-07-28,25.85,25.85,25.6,25.7,22100,25.542499999999997,25.069020000000002,25.395299145299145,54.963985103103994,0.16008806049707047,0.1785048401399069,-0.018416779642836417,26.17435191469617,24.910648085303823,-0.1941747572815511,1.403756985764362,VPD
2025-07-29,25.75,25.75,25.65,25.65,20100,25.557499999999997,25.09702,25.397457627118644,53.879567563456526,0.1502701975773597,0.17285791162739747,-0.02258771405003776,26.18433415081785,24.930665849182144,-0.1945525291828787,1.4037342588390336,VPD
2025-07-30,25.7,25.75,25.65,25.65,11400,25.57,25.12304,25.399579831932776,53.879567563456526,0.1408656588502062,0.16645946107195922,-0.02559380222175303,26.193572052984354,24.946427947015646,0.0,1.4034724100708609,VPD
2025-07-31,25.6,25.65,25.5,25.6,4000,25.555,25.147080000000003,25.40125,52.674291885207076,0.1279035198605527,0.15874827282967793,-0.030844752969125228,26.159282959164663,24.950717040835336,-0.19493177387913674,1.32994097083573,VPD
2025-08-01,25.6,25.85,25.6,25.65,12300,25.5775,25.17906,25.40330578512397,53.787575278801135,0.12027901187879309,0.15105442063950097,-0.03077540876070789,26.159217059094946,24.995782940905055,0.1953124999999778,1.174485064801605,VPD
2025-08-04,25.7,25.75,25.6,25.7,27500,25.6,25.21402,25.40573770491803,54.92936715722067,0.11692329751269881,0.14422819601414055,-0.027304898501441743,26.162887293570506,25.037112706429497,0.19493177387914784,1.1744691934139582,VPD
2025-08-05,25.7,25.75,25.65,25.65,11800,25.622500000000002,25.245,25.407723577235775,53.50568575651056,0.10897311335108739,0.1371771794815299,-0.028204066130442518,26.153115332966287,25.091884667033717,-0.1945525291828787,1.1744239442961297,VPD
2025-08-06,25.65,25.65,25.6,25.65,8100,25.655,25.269000000000002,25.40967741935484,53.50568575651056,0.10150247774468113,0.13004223913416016,-0.02853976138947903,26.097362080796145,25.212637919203857,0.0,1.1560816661201292,VPD
2025-08-07,25.65,25.75,25.5,25.7,55600,25.669999999999998,25.293000000000003,25.412,54.862483894669474,0.0984812962553896,0.12373005055840605,-0.025248754303016457,26.095997281928543,25.244002718071453,0.19493177387914784,1.1038633125012998,VPD
2025-08-08,25.7,26.05,25.65,25.65,1200,25.702499999999997,25.316000000000003,25.413888888888888,53.19086553255586,0.09100337575802442,0.11718471559832973,-0.02618133984030531,25.98991131355234,25.415088686447653,-0.1945525291828787,1.037113161644822,VPD
2025-08-11,25.7,25.75,25.6,25.7,11900,25.692500000000003,25.346999999999998,25.416141732283464,54.67801716460725,0.08809613461896859,0.1113669994024575,-0.023270864783488915,25.964481036490625,25.42051896350938,0.19493177387914784,0.6425108719313317,VPD
2025-08-12,25.65,25.7,25.6,25.6,22300,25.6875,25.367000000000004,25.417578125,51.176095187390644,0.07683722905852619,0.10446104533367125,-0.027623816275145055,25.962559802110064,25.412440197889936,-0.38910505836574627,0.6249021060247235,VPD
2025-08-13,25.6,25.7,25.6,25.65,10500,25.659999999999997,25.391,25.419379844961238,52.80372675139269,0.0711291152540916,0.09779465931775533,-0.026665544063663726,25.792188063797404,25.52781193620259,0.1953124999999778,0.42659622759835186,VPD
2025-08-14,25.65,26.1,25.65,25.85,3600,25.660000000000004,25.417,25.422692307692305,58.73025135409164,0.08180077406538899,0.09459588226728206,-0.012795108201893071,25.79218806379741,25.527811936202596,0.7797270955165914,0.36290146940235946,VPD
2025-08-15,25.85,25.85,25.6,25.6,18400,25.6575,25.429000000000002,25.42404580152672,50.23805715861321,0.06928653781708505,0.08953401337724266,-0.020247475560157616,25.792348843251606,25.522651156748392,-0.9671179883945835,0.38643698850521957,VPD
2025-08-18,25.65,25.65,25.6,25.6,12500,25.655,25.442000000000004,25.42537878787879,50.23805715861321,0.05869234659328981,0.0833656800204521,-0.024673333427162283,25.792266548230582,25.51773345176942,0.0,0.38643698850521957,VPD
2025-08-19,25.75,25.75,25.55,25.6,16500,25.652499999999996,25.456999999999997,25.42669172932331,50.23805715861321,0.04972319567329819,0.07663718315102132,-0.026913987477723125,25.791953821822965,25.513046178177028,0.0,0.38643698850521957,VPD
2025-08-20,25.05,25.6,25.0,25.55,6600,25.652499999999996,25.476999999999997,25.427611940298508,48.48673888794861,0.03814083303600313,0.06893791312801768,-0.030797080092014553,25.791953821822965,25.513046178177028,-0.1953125,0.378717931465365,VPD
2025-08-21,25.55,25.65,25.55,25.55,7700,25.652499999999996,25.496,25.42851851851852,48.48673888794862,0.028631679026315027,0.06087666630767716,-0.03224498728136213,25.791953821822965,25.513046178177028,0.0,0.378717931465365,VPD
2025-08-22,25.6,25.6,24.5,25.6,11400,25.645,25.516,25.429779411764706,50.488479822750065,0.024843804186517104,0.05367009388344515,-0.028826289696928048,25.77837718577099,25.51162281422901,0.1956947162426559,0.33515420161587867,VPD
2025-08-25,25.5,25.7,25.15,25.6,17200,25.639999999999997,25.531999999999996,25.431021897810222,50.488479822750065,0.021592975703068618,0.047254670247369845,-0.025661694544301228,25.77218806379739,25.507811936202604,0.0,0.332912546433294,VPD
2025-08-26,25.8,25.8,25.15,25.5,7100,25.6325,25.541,25.431521739130435,46.31401663320224,0.010822748535659343,0.039968285905027746,-0.029145537369368403,25.778589374230755,25.486410625769246,-0.390625,0.34114071800397294,VPD
2025-08-27,25.45,25.7,25.45,25.7,17900,25.635,25.551,25.43345323741007,54.42937979984255,0.018215616156226133,0.03561775195526743,-0.017402135799041298,25.78403196407404,25.485968035925964,0.7843137254901933,0.3866645030687121,VPD
2025-08-28,25.7,25.7,25.5,25.5,67100,25.630000000000003,25.553,25.43392857142857,46.80923424662774,0.007845747583665741,0.030063351080947095,-0.022217603497281354,25.79026294183713,25.469737058162874,-0.7782101167315147,0.4232374799574993,VPD
2025-08-29,25.55,25.55,25.5,25.5,10000,25.622500000000002,25.557,25.43439716312057,46.80923424662773,-0.00036820354963396085,0.023977040154830886,-0.024345243704464847,25.79256190823213,25.452438091767874,0.0,0.42028211504216634,VPD
2025-09-03,25.5,25.6,25.5,25.5,9900,25.6125,25.561,25.434859154929576,46.80923424662773,-0.006799439297381582,0.017821744264388394,-0.024621183561769976,25.786840863947834,25.438159136052167,0.0,0.4170764039101404,VPD
2025-09-04,25.5,25.55,25.5,25.5,68100,25.605,25.565,25.435314685314687,46.80923424662773,-0.011760670275847929,0.011905261356341129,-0.02366593163218906,25.785350535872354,25.424649464127647,0.0,0.4155043463567921,VPD
2025-09-05,25.5,25.5,25.5,25.5,11400,25.5975,25.569000000000003,25.43576388888889,46.80923424662773,-0.015513649871216728,0.006421479110829558,-0.021935128982046286,25.782389725312918,25.412610274687083,0.0,0.4155043463567921,VPD
2025-09-08,25.5,25.5,25.4,25.5,13800,25.5875,25.573,25.436206896551724,46.80923424662773,-0.018277224769342126,0.0014817383347952213,-0.01975896310413735,25.77067377426617,25.404326225733826,0.0,0.4122610134696757,VPD
2025-09-09,25.5,25.55,25.5,25.5,8100,25.580000000000002,25.575,25.436643835616437,46.80923424662773,-0.020234131316083648,-0.0028614355953805524,-0.017372695720703095,25.76467610337524,25.395323896624763,0.0,0.4106709956905548,VPD
2025-09-10,25.5,25.5,25.5,25.5,1700,25.57,25.576999999999998,25.437074829931973,46.80923424662773,-0.021536731814915555,-0.006596494839287554,-0.014940236975628001,25.748885438199885,25.391114561800116,0.0,0.4073887074999648,VPD
2025-09-11,25.5,25.5,25.4,25.5,1100,25.565,25.58,25.4375,46.80923424662773,-0.022311854920097574,-0.009739566855449558,-0.012572288064648015,25.74593325317704,25.384066746822963,0.0,0.398955994652788,VPD
2025-09-12,25.5,25.5,25.4,25.5,2500,25.557499999999997,25.581999999999997,25.437919463087248,46.80923424662773,-0.022664878949285594,-0.012324629274216766,-0.010340249675068828,25.736017285024708,25.378982714975287,0.0,0.3958169105624514,VPD
2025-09-15,25.4,25.5,25.2,25.5,21100,25.54,25.574,25.438333333333333,46.80923424662773,-0.02268317550834098,-0.01439633852104161,-0.00828683698729937,25.655165784392306,25.424834215607692,0.0,0.347457888278899,VPD
2025-09-16,25.5,25.5,25.3,25.4,4900,25.529999999999998,25.578000000000003,25.438079470198677,40.416456106656355,-0.03041622066989902,-0.017600314950813094,-0.012815905719085925,25.657320565172107,25.40267943482789,-0.39215686274510775,0.28777234415139136,VPD
2025-09-17,25.4,25.4,25.4,25.4,3300,25.520000000000003,25.581,25.437828947368423,40.416456106656355,-0.03612825068912784,-0.021305902098476045,-0.014822348590651794,25.655335839575624,25.384664160424382,0.0,0.28777234415139136,VPD
2025-09-18,25.4,25.5,25.4,25.45,8600,25.5125,25.586,25.437908496732025,44.78889647038034,-0.03620316593850603,-0.02428535486648204,-0.011917811072023991,25.645778497495616,25.379221502504382,0.19685039370078705,0.2924973693809119,VPD
2025-09-19,26.0,26.0,25.45,25.45,4000,25.5075,25.595,25.437987012987012,44.78889647038034,-0.03584928853059921,-0.026598141599305476,-0.009251146931293735,25.642348843251497,25.372651156748503,0.0,0.2899003900840199,VPD
2025-09-22,26.0,26.0,25.45,25.5,2400,25.505,25.597,25.438387096774193,49.11922318509392,-0.031174891261951387,-0.02751349153183466,-0.0036613997301167267,25.638377185770885,25.371622814229113,0.19646365422396617,0.293886603303551,VPD
2025-09-23,25.5,25.5,25.4,25.45,5500,25.4975,25.606000000000005,25.43846153846154,45.29348977641889,-0.031145948772131504,-0.02823998297989403,-0.0029059657922374735,25.625130222455965,25.369869777544032,-0.19607843137254832,0.2925514807665672,VPD
2025-09-24,25.45,26.0,25.4,25.55,5000,25.494999999999997,25.599,25.439171974522292,53.152445124206515,-0.022791125467890083,-0.027150211477493243,0.00435908600960316,25.615961063765646,25.37403893623435,0.39292730844793233,0.3074154713863498,VPD
2025-09-25,25.55,25.75,25.55,25.75,4700,25.5075,25.6,25.441139240506327,64.22251372977951,-3.117985382417032e-05,-0.02172640515275943,0.02169522529893526,25.67380662866162,25.34119337133838,0.7827788649706457,0.3409567019123774,VPD
2025-09-26,25.75,25.95,25.75,25.75,25400,25.509999999999998,25.590999999999998,25.443081761006287,64.22251372977952,0.01780104169399266,-0.013820915783409013,0.03162195747740167,25.6894729124847,25.330527087515296,0.0,0.29382017239681374,VPD
2025-09-29,25.4,25.55,25.4,25.5,61800,25.509999999999998,25.584,25.443437499999998,47.83568931975102,0.011626274625257338,-0.008731477701675743,0.02035775232693308,25.6894729124847,25.330527087515296,-0.9708737864077666,0.32276008850845844,VPD
2025-09-30,25.5,25.5,25.4,25.4,600,25.505000000000003,25.578999999999997,25.443167701863356,43.09856301065946,-0.0013212069770283108,-0.007249423556746257,0.005928216579717946,25.691095617754208,25.318904382245798,-0.39215686274510775,0.33449048030532785,VPD
2025-10-01,25.3,25.55,25.3,25.5,2200,25.505000000000003,25.576,25.44351851851852,48.58211334314371,-0.0034729808024458464,-0.006494135005886175,0.0030211542034403287,25.691095617754208,25.318904382245798,0.3937007874015741,0.3470244254677972,VPD
2025-10-02,25.5,25.5,25.4,25.45,8200,25.5025,25.572,25.44355828220859,46.18549494097979,-0.009107869345978514,-0.007016881873904644,-0.0020909874720738703,25.69021478925544,25.314785210744564,-0.19607843137254832,0.3498001014389904,VPD
2025-10-03,25.45,25.8,25.45,25.8,200,25.517500000000002,25.576999999999998,25.445731707317076,60.7732273587483,0.014501353240667925,-0.002713234850990131,0.017214588091658056,25.74754576203776,25.287454237962244,1.3752455795677854,0.4671846101391301,VPD
2025-10-06,25.7,25.7,25.7,25.7,100,25.5275,25.58,25.44727272727273,56.094523666913766,0.024856141839997292,0.0028006404872073535,0.022055501352789938,25.771318310266086,25.283681689733914,-0.3875968992248069,0.4777048017870159,VPD
2025-10-07,25.55,25.6,25.55,25.55,9600,25.53,25.576,25.447891566265064,49.89007315745,0.020719795109101824,0.006384471411586248,0.014335323697515577,25.773656358531003,25.286343641469,-0.5836575875486361,0.4976961780709373,VPD
2025-10-08,25.3,25.55,25.3,25.55,5600,25.5325,25.573,25.448502994011974,49.890073157450004,0.01724294459220488,0.008556166047709975,0.008686778544494903,25.77588619949623,25.289113800503767,0.0,0.4976961780709373,VPD
2025-10-09,25.55,25.55,25.5,25.55,16400,25.535,25.570999999999998,25.44910714285714,49.89007315745,0.014322415616373263,0.009709415961442633,0.00461299965493063,25.778007472269692,25.291992527730308,0.0,0.4976961780709373,VPD
2025-10-10,25.5,25.55,25.5,25.55,10500,25.5375,25.569000000000003,25.449704142011836,49.89007315745,0.011871033477287796,0.010141739464611665,0.0017292940126761303,25.780019668220216,25.294980331779787,0.0,0.4976961780709373,VPD
2025-10-13,25.55,25.55,25.5,25.55,9400,25.54,25.567999999999998,25.45029411764706,49.890073157450004,0.009815152502483215,0.010076422072185976,-0.0002612695697027604,25.781922127531633,25.298077872468365,0.0,0.4976961780709373,VPD
2025-10-14,25.55,25.55,25.5,25.5,5800,25.545,25.565,25.45058479532164,47.36075401779476,0.004103961966634984,0.008881930051075777,-0.004777968084440793,25.778733991852555,25.31126600814745,-0.195694716242667,0.49121750088984334,VPD
2025-10-15,25.5,25.6,25.4,25.4,2700,25.544999999999998,25.559,25.45029069767442,42.69829814948231,-0.008394594287562285,0.005426625183348166,-0.01382121947091045,25.77873399185255,25.311266008147445,-0.39215686274510775,0.49984222452983534,VPD
2025-10-16,25.4,25.4,25.1,25.4,9100,25.5425,25.553999999999995,25.450000000000003,42.698298149482305,-0.01809124554896968,0.0007230510368845958,-0.018814296585854276,25.781522130664356,25.303477869335644,0.0,0.4977201264823917,VPD
2025-10-17,25.4,25.45,25.35,25.4,6600,25.54,25.549,25.44971264367816,42.69829814948231,-0.02548216895264943,-0.00451799296102221,-0.02096417599162722,25.7840879910368,25.2959120089632,0.0,0.4977201264823917,VPD
2025-10-20,25.4,25.65,25.1,25.1,3300,25.520000000000003,25.537,25.447714285714287,31.192405864235482,-0.05491400730079832,-0.014597195828977432,-0.04031681147182088,25.83355348742063,25.206446512579376,-1.1811023622047112,0.5593438472715795,VPD
2025-10-21,25.2,25.4,24.0,25.3,20000,25.5125,25.53,25.446875,42.346382389690994,-0.061392923302332036,-0.023956341323648354,-0.037436581978683686,25.839970368285766,25.185029631714233,0.7968127490039834,0.5914117523479346,VPD
2025-10-22,25.3,25.3,25.3,25.3,29300,25.5,25.522000000000002,25.446045197740112,42.346382389690994,-0.06576936263912003,-0.03231894558674269,-0.03345041705237734,25.840278523689285,25.159721476310715,0.0,0.5831655156933195,VPD
2025-10-23,25.5,26.2,25.5,25.85,13900,25.505000000000003,25.526999999999997,25.448314606741572,61.995123764849446,-0.02457404459655521,-0.030769965388705196,0.006195920792149985,25.86321193373984,25.146788066260164,2.1739130434782705,0.7472833957923692,VPD
2025-10-24,25.6,25.6,25.55,25.6,4900,25.4975,25.526000000000003,25.449162011173183,53.13130865503865,-0.01196148436837774,-0.027008269184639704,0.015046784816261965,25.840052339450637,25.15494766054936,-0.9671179883945835,0.7793842317272613,VPD
2025-10-27,25.5,25.5,25.5,25.5,3700,25.4975,25.519000000000002,25.449444444444442,50.048818745707166,-0.009920743627002793,-0.023590764073112322,0.01367002044610953,25.840052339450637,25.15494766054936,-0.390625,0.7527171398602558,VPD
2025-10-28,25.5,25.6,25.4,25.6,18800,25.5075,25.519000000000002,25.450276243093924,52.98620554139563,-0.00023160779114306251,-0.01891893281671847,0.018687325025575408,25.849744910769058,25.165255089230943,0.39215686274509665,0.7514941755552089,VPD
2025-10-29,25.45,26.0,25.45,25.55,6400,25.509999999999998,25.517999999999997,25.450824175824177,51.35992870870034,0.0033736309154797084,-0.014460420070278835,0.01783405098575854,25.852744342346416,25.16725565765358,-0.1953125,0.7485169103524096,VPD
2025-10-30,25.4,25.9,25.4,25.8,8000,25.5275,25.522,25.45273224043716,58.25843508566971,0.02610282214243398,-0.006347771627736272,0.032450593770170254,25.892372003512634,25.162627996487366,0.9784735812133016,0.7768369644208374,VPD
2025-10-31,25.55,25.95,25.55,25.9,6400,25.5325,25.529,25.45516304347826,60.66180161247036,0.051590332965346875,0.0052398492908803575,0.046350483674466515,25.91539066736844,25.149609332631556,0.3875968992248069,0.7187991430422351,VPD
2025-11-03,25.8,25.8,25.5,25.75,3900,25.535,25.533,25.456756756756757,55.499794498982446,0.05900544448796197,0.015992968330296682,0.043012476157665284,25.92311284305898,25.14688715694102,-0.579150579150578,0.7257833204447408,VPD
2025-11-04,25.7,25.95,25.7,25.8,12500,25.5475,25.537,25.458602150537637,56.81884368639501,0.06813118206849822,0.02642061107793699,0.04171057099056123,25.95334544634103,25.14165455365897,0.1941747572815622,0.7128989735618025,VPD
2025-11-05,26.1,26.1,25.85,25.85,3200,25.5625,25.542,25.460695187165772,58.154612356121945,0.07849315673053425,0.036835120208456446,0.04165803652207781,25.99031574981461,25.13468425018539,0.19379844961240345,0.7134847157132224,VPD
2025-11-06,25.6,25.65,25.6,25.65,3800,25.567500000000003,25.545,25.461702127659574,51.316465883281104,0.069762588084199,0.043420613783604955,0.02634197430059404,25.997034631898252,25.137965368101753,-0.7736943907156735,0.7375237505747373,VPD
2025-11-07,25.7,25.85,25.65,25.85,2000,25.5825,25.548000000000002,25.463756613756612,56.78838216085254,0.07808179967941697,0.05035285096276736,0.02772894871664961,26.0300371198953,25.1349628801047,0.7797270955165914,0.7566543551319422,VPD
2025-11-10,25.55,26.0,25.45,25.65,6100,25.5875,25.551,25.464736842105264,50.65670895223622,0.06775546346849737,0.05383337346391337,0.013922090004583998,26.03574218078127,25.139257819218727,-0.7736943907156735,0.779378740970303,VPD
2025-11-11,25.6,25.95,25.6,25.8,1500,25.6025,25.557,25.46649214659686,54.61474907365396,0.07085869904719644,0.05723843858056999,0.013620260466626448,26.05842589425542,25.146574105744577,0.5847953216374435,0.7873824057755497,VPD
2025-11-12,25.8,25.8,25.8,25.8,300,25.622500000000002,25.563000000000002,25.468229166666664,54.61474907365396,0.07248250243167931,0.06028725135079186,0.012195251080887447,26.076111240926327,25.168888759073678,0.0,0.7803438333455663,VPD
2025-11-13,25.65,26.1,25.65,25.65,5400,25.634999999999998,25.566,25.46917098445596,49.96639243509803,0.06096288967101415,0.06042237901483632,0.0005405106561778353,26.076409226526973,25.193590773473023,-0.5813953488372214,0.7942272885552089,VPD
2025-11-14,26.1,26.1,25.65,25.7,1300,25.65,25.57,25.47036082474227,51.44974518458981,0.055231422241195816,0.05938418766010822,-0.0041527654189124075,26.077969502110644,25.222030497889353,0.19493177387914784,0.794751892887063,VPD
2025-11-17,26.1,26.5,25.7,26.0,2200,25.695,25.58,25.473076923076924,59.255087376865944,0.07404316232049268,0.06231598259218512,0.011727179728307564,26.064779450626002,25.325220549374,1.1673151750972721,0.7746981477668041,VPD
2025-11-18,26.0,26.1,25.9,26.0,16800,25.73,25.59,25.475765306122447,59.255087376865944,0.08793790839606075,0.06744036775296025,0.020497540643100498,26.073970622980656,25.386029377019344,0.0,0.7616397007284339,VPD
2025-11-19,25.85,26.1,25.8,25.8,4500,25.755000000000003,25.596,25.47741116751269,52.70388290886935,0.08186754810317609,0.07032580382300342,0.01154174428017267,26.033907643646128,25.476092356353877,-0.7692307692307665,0.7880099939762985,VPD
2025-11-20,25.9,26.1,25.85,25.9,7500,25.7575,25.604,25.479545454545455,55.36131162874568,0.08415581228279123,0.07309180551496099,0.011064006767830245,26.040853972416542,25.47414602758346,0.3875968992248069,0.6250583979598463,VPD
2025-11-21,25.9,25.9,25.8,25.8,12100,25.767500000000002,25.61,25.481155778894472,52.20257959793637,0.07701236328068717,0.07387591706810623,0.00313644621258094,26.041409320377205,25.4935906796228,-0.3861003861003742,0.589681258640778,VPD
2025-11-24,25.8,26.0,25.8,25.8,3200,25.7825,25.616,25.48275,52.20257959793637,0.07053801020746775,0.07320833569597854,-0.0026703254885107885,26.025886199496387,25.53911380050361,0.0,0.5810536970884401,VPD
2025-11-25,25.8,25.85,25.8,25.8,11200,25.7925,25.623999999999995,25.474880000000002,52.20257959793637,0.06466165939275115,0.07149900043533305,-0.006837341042581907,26.020246396354953,25.56475360364505,0.0,0.5758520015385123,VPD
2025-11-26,25.8,25.8,25.8,25.8,2800,25.805,25.632,25.468249999999998,52.20257959793637,0.059320795826884876,0.06906335951364342,-0.009742563686758549,26.002084005599638,25.60791599440036,0.0,0.5732930582149407,VPD
2025-11-27,25.8,26.0,25.8,25.8,2500,25.805,25.639,25.463604999999998,52.20257959793637,0.05446033809491979,0.06614275522989871,-0.011682417134978917,26.002084005599638,25.60791599440036,0.0,0.5300299543818384,VPD
2025-11-28,26.1,26.1,25.8,25.8,7200,25.8,25.646,25.45524,52.20257959793637,0.05003165653175756,0.06292053549027049,-0.012888878958512928,25.99194297398758,25.60805702601242,0.0,0.522191440735243,VPD
2025-12-01,26.25,26.25,25.8,25.8,2500,25.8025,25.651999999999997,25.44762,52.20257959793637,0.04599173044629623,0.05953477448147564,-0.013543044035179412,25.992997962414954,25.612002037585043,0.0,0.5052206930323477,VPD
2025-12-02,25.85,26.2,25.8,25.8,1800,25.8025,25.658999999999995,25.440990000000003,52.20257959793637,0.04230242390701733,0.056088304366583984,-0.013785880459566656,25.992997962414954,25.612002037585043,0.0,0.503375937747356,VPD
2025-12-03,25.9,26.1,25.9,26.1,9500,25.814999999999998,25.67,25.436605,63.504345187900235,0.062861486602376,0.05744294081374239,0.005418545788633614,26.04692557790001,25.583074422099987,1.1627906976744207,0.5656670983510282,VPD
2025-12-04,26.1,26.1,26.1,26.1,100,25.8375,25.677,25.43222,63.504345187900235,0.07825264413745714,0.06160488147848535,0.01664776265897179,26.08855042479455,25.586449575205446,0.0,0.5318409842824005,VPD
2025-12-05,26.2,26.3,26.2,26.3,15500,25.859999999999996,25.688,25.429085,69.14517538451771,0.10537389127591013,0.0703586834379703,0.03501520783793982,26.18541471515923,25.534585284840762,0.766283524904221,0.53092887834599,VPD
2025-12-08,26.3,26.3,25.95,26.05,2700,25.880000000000003,25.699,25.424699999999998,57.236359850580016,0.10547886961770558,0.07738272067391735,0.02809614894378823,26.200197307592585,25.55980269240742,-0.9505703422053258,0.5472540178685262,VPD
2025-12-09,26.1,26.25,26.0,26.0,3100,25.889999999999997,25.711000000000002,25.42031,55.18909224084011,0.10037047521748477,0.08198027158263084,0.018390203634853927,26.212163737382525,25.56783626261747,-0.19193857965451588,0.5369204062967055,VPD
2025-12-10,26.15,26.3,26.15,26.15,900,25.907500000000006,25.724,25.423119999999997,59.83102933795607,0.10719016079888277,0.08702224942588124,0.02016791137300153,26.246655297451703,25.56834470254831,0.5769230769230749,0.5499975894164123,VPD
2025-12-11,26.15,26.15,26.15,26.15,3400,25.932499999999997,25.738000000000003,25.422455,59.83102933795607,0.11131167900882133,0.09188013534246928,0.019431543666352052,26.265390056135303,25.599609943864692,0.0,0.5287767822409591,VPD
2025-12-12,26.15,26.3,25.7,26.3,2700,25.9625,25.748,25.423285,64.13930583833488,0.12523809152078158,0.09855172657813174,0.026686364942649837,26.31474841712705,25.610251582872948,0.5736137667304186,0.539112877688201,VPD
2025-12-15,26.3,26.3,26.3,26.3,0,25.9775,25.76,25.42337,64.13930583833488,0.13472188375640926,0.10578575801378724,0.028936125742622013,26.36066548575489,25.59433451424511,0.0,0.47926587549734445,VPD
2025-12-16,26.0,26.0,25.55,25.8,19600,25.9675,25.765,25.42145,45.33997920516126,0.10073087329991992,0.10477478107101379,-0.004043907771093869,26.3585512148449,25.5764487851551,-1.9011406844106515,0.6497024502143631,VPD
2025-12-17,25.7,25.7,25.7,25.7,1000,25.9625,25.767999999999997,25.416555000000002,42.64765197984383,0.06497460159412327,0.0968147451756357,-0.03184014358151242,26.364959543570055,25.56004045642994,-0.3875968992248069,0.6324269165313102,VPD
2025-12-18,25.7,26.05,25.4,25.8,14400,25.9575,25.772999999999996,25.414635000000004,46.094814465484816,0.04419718528224337,0.08629123319695724,-0.04209404791471387,26.365673079903594,25.549326920096405,0.3891050583657574,0.6324778495503495,VPD
2025-12-19,25.8,25.8,25.55,25.8,2200,25.9575,25.778000000000002,25.412715,46.094814465484816,0.027414911131540265,0.07451596878387384,-0.04710105765233358,26.365673079903594,25.549326920096405,0.0,0.6264969373254449,VPD
2025-12-22,25.8,25.8,25.8,25.8,800,25.9575,25.783,25.411044999999998,46.09481446548482,0.013953985103135835,0.062403572047726244,-0.04844958694459041,26.365673079903594,25.549326920096405,0.0,0.6264969373254449,VPD
2025-12-23,25.8,25.8,25.8,25.8,100,25.9575,25.789,25.409125,46.09481446548482,0.003248655763467667,0.05057258879087453,-0.04732393302740686,26.365673079903594,25.549326920096405,0.0,0.6264969373254449,VPD
2025-12-24,25.8,25.8,24.95,25.1,4500,25.922500000000003,25.782999999999998,25.40445,29.43644021858968,-0.06101618808685316,0.028254833415328993,-0.08927102150218216,26.480197333496903,25.364802666503103,-2.713178294573637,0.8724106242279078,VPD
2025-12-25,25.5,25.6,25.5,25.5,1700,25.9075,25.785,25.401775,42.27439088368013,-0.07876196388881951,0.006851473954499292,-0.0856134378433188,26.494441223633228,25.32055877636677,1.5936254980079667,0.9542142957373798,VPD
2025-12-26,25.3,25.5,25.2,25.3,5700,25.8825,25.783,25.397354999999997,38.502502237701826,-0.10772219320501719,-0.016063259477404005,-0.09165893372761319,26.52835724347369,25.23664275652631,-0.7843137254901933,0.9678923078354639,VPD
2025-12-29,25.3,25.3,25.2,25.3,1700,25.857499999999998,25.787000000000003,25.394425000000002,38.50250223770183,-0.12918422821679343,-0.03868745322528189,-0.09049677499151154,26.55356034221183,25.161439657788165,0.0,0.9678923078354639,VPD
2025-12-30,25.3,25.8,25.3,25.8,200,25.857499999999998,25.796999999999997,25.39226,51.141924796019566,-0.10464098808964906,-0.051878160198155325,-0.05276282789149373,26.55356034221183,25.161439657788165,1.976284584980248,1.0730861479479914,VPD
2025-12-31,25.25,25.75,25.0,25.75,4400,25.840000000000003,25.805999999999997,25.389845,50.03447557120989,-0.08820806789784896,-0.059144141738094055,-0.029063926159754908,26.527941245961305,25.152058754038702,-0.19379844961240345,1.0383978019772457,VPD
2026-01-05,25.65,25.7,25.65,25.7,2900,25.82,25.803,25.387925,48.8942539769732,-0.0783166567174014,-0.06297864473395554,-0.015338011983445865,26.499318543991382,25.14068145600862,-0.1941747572815511,1.0386920104017834,VPD
2026-01-06,25.3,25.3,25.3,25.3,1500,25.77,25.796999999999997,25.38301,40.870084148389665,-0.10158330998949694,-0.07069957778506382,-0.03088373220443312,26.447767232206353,25.092232767793647,-1.5564202334630295,1.0694212345290324,VPD
2026-01-07,25.3,26.8,25.2,26.3,21200,25.7825,25.813,25.383345,58.99001656733612,-0.03888244506035221,-0.0643361512401215,0.02545370617976929,26.490555156935663,25.074444843064335,3.9525691699604737,1.3972169658888067,VPD
2026-01-08,26.2,26.3,26.2,26.3,5600,25.797499999999996,25.826999999999998,25.383680000000005,58.99001656733613,0.010685269001633912,-0.04933186719177042,0.06001713619340433,26.536969938181205,25.058030061818787,0.0,1.3960759812401824,VPD
2026-01-09,26.2,26.2,26.2,26.2,1400,25.8,25.84,25.384010000000004,56.96545832386705,0.04142139518693355,-0.03118121471602963,0.07260260990296319,26.54480658033163,25.05519341966837,-0.38022813688213253,1.3940645900408388,VPD
2026-01-12,26.0,26.25,26.0,26.2,12600,25.802500000000002,25.848000000000003,25.38434,56.96545832386705,0.06503036703938392,-0.01193889836494692,0.07696926540433084,26.552570172155868,25.052429827844136,0.0,1.3940645900408388,VPD
2026-01-13,26.2,26.2,26.1,26.1,20800,25.7925,25.851999999999997,25.38541,54.78483099738055,0.07480912997746358,0.00541070730353518,0.0693984226739284,26.519624835441498,25.065375164558503,-0.3816793893129722,1.3904123545483413,VPD
2026-01-14,26.1,26.1,25.6,25.7,10800,25.7625,25.851,25.382495,47.02973680273835,0.04970919632521387,0.014270405107870917,0.035438791217342946,26.449886354243393,25.075113645756606,-1.532567049808442,1.4303840772870022,VPD
2026-01-15,25.7,26.25,25.7,26.25,13100,25.785000000000004,25.86,25.383074999999998,56.20884575751247,0.0733521634486678,0.02608675677603029,0.047265406672637504,26.506183238267454,25.063816761732554,2.1400778210116655,1.4487220375518564,VPD
2026-01-16,25.55,26.25,25.5,26.25,37700,25.8125,25.868,25.384645,56.20884575751247,0.09103993354882434,0.0390773921305891,0.05196254141823524,26.561446628693673,25.063553371306327,0.0,1.4444932660915235,VPD
2026-01-19,26.25,26.25,25.6,25.75,4100,25.810000000000002,25.87,25.38446,47.5257590555024,0.06397434107972799,0.044056781920416885,0.019917559159311107,26.559455943018907,25.060544056981097,-1.904761904761909,1.5111755358659709,VPD
2026-01-20,26.5,26.5,25.7,25.8,41200,25.809999999999995,25.868999999999996,25.390475000000002,48.38444577997761,0.04602865648337584,0.04445115683300868,0.001577499650367159,26.5594559430189,25.06054405698109,0.1941747572815622,1.511791912236549,VPD
2026-01-21,26.2,26.2,25.6,25.7,6400,25.805,25.87,25.39004,46.73717234014276,0.023466896113202296,0.04025430468904741,-0.01678740857584511,26.556069413009165,25.053930586990834,-0.3875968992248069,1.5144194248540477,VPD
2026-01-22,26.15,26.15,25.75,26.0,2100,25.815000000000005,25.874000000000002,25.40003,52.01517690378152,0.029454498146673558,0.03809434338057264,-0.00863984523389908,26.57109801648091,25.0589019835191,1.1673151750972721,1.5370927356164787,VPD
2026-01-23,25.7,26.3,25.7,26.15,3300,25.8675,25.881,25.409285,54.44585862708033,0.045775787510262234,0.03963063220651056,0.006145155303751676,26.557484744301263,25.177515255698736,0.5769230769230749,1.3953535648949857,VPD
2026-01-26,26.2,26.2,25.75,25.75,1600,25.880000000000003,25.883000000000003,25.41034,47.53139948573656,0.026132629176768063,0.03693103160056206,-0.010798402423793999,26.550741930135707,25.209258069864298,-1.5296367112810683,1.4075749912137565,VPD
2026-01-27,25.75,25.75,25.75,25.75,600,25.902499999999996,25.884,25.412635,47.53139948573656,0.010444882571587044,0.03163380179476706,-0.021188919223180017,26.5193468205317,25.285653179468294,0.0,1.3937269981533325,VPD
2026-01-28,25.6,25.85,25.6,25.7,5900,25.922500000000003,25.878,25.416665,46.672128105298,-0.005953720980294008,0.02411629723975485,-0.030070018220048858,26.480197333496903,25.364802666503103,-0.1941747572815511,1.3951162629425635,VPD
2026-01-29,25.7,25.9,25.6,25.9,10200,25.927500000000002,25.875999999999998,25.42368,50.52496422837087,-0.0027793651194549795,0.018737164767912887,-0.021516529887367866,26.482358919954176,25.372641080045828,0.7782101167315147,1.3341411351642374,VPD
2026-01-30,26.0,26.0,25.8,25.9,5100,25.935000000000002,25.878,25.429204999999996,50.52496422837087,-0.0002606604977763993,0.01493759971477503,-0.01519826021255143,26.483778547992657,25.386221452007348,0.0,1.3331510386315302,VPD
2026-02-02,25.9,25.9,25.7,25.75,600,25.9375,25.875,25.432244999999998,47.537561233718584,-0.01025015789677397,0.009900048192465231,-0.020150206089239203,26.482211415628377,25.392788584371623,-0.579150579150578,1.3394350878983217,VPD
2026-02-03,25.8,25.8,25.65,25.65,1400,25.955000000000002,25.872,25.436025,45.601751175103686,-0.025937084258988108,0.0027326217021745626,-0.02866970596116267,26.431721258068936,25.478278741931067,-0.3883495145631133,1.291783454098249,VPD
2026-02-04,25.6,25.75,25.6,25.75,7700,25.9275,25.871,25.440305000000002,47.88711649057555,-0.02995462389595005,-0.00380482741745036,-0.02614979647849969,26.383425894255538,25.47157410574446,0.3898635477582957,0.9218239115789885,VPD
2026-02-05,25.8,25.9,25.75,25.75,9700,25.9,25.87,25.447560000000003,47.88711649057555,-0.03276090567538148,-0.009596043069036584,-0.023164862606344896,26.326737932644807,25.47326206735519,0.0,0.9218239115789885,VPD
2026-02-06,25.7,25.7,25.0,25.5,15500,25.865,25.863999999999997,25.452575000000003,42.687398645301975,-0.054529235779774865,-0.018582681611184242,-0.03594655416859062,26.302817553926715,25.42718244607328,-0.9708737864077666,0.9404929306321828,VPD
2026-02-09,25.5,25.5,25.3,25.3,5100,25.82,25.854,25.455099999999998,39.0356784499846,-0.08691719542532539,-0.03224958437401247,-0.05466761105131292,26.29616892181799,25.34383107818201,-0.7843137254901933,0.9510309620806564,VPD
2026-02-10,25.35,25.35,24.9,24.9,5200,25.76,25.836,25.455625,32.96230417934866,-0.14321070004306335,-0.054441807507822654,-0.0887688925352407,26.37095266420138,25.149047335798624,-1.5810276679842028,1.0015310036633982,VPD
